{
  "name": "CHOP",
  "preset": {
    "source_side": "l",
    "preset_l": {
      "thumb_01": [
        -0.11218644155700765,
        0.26479669437222025,
        -0.08909711451086874,
        0.9536029662108639
      ],
      "thumb_02": [
        0.057344540005484654,
        0.07153417240516512,
        0.16354501068376068,
        0.9822665093498384
      ],
      "thumb_03": [
        0.012223997584035825,
        0.02912359129726497,
        0.03243518445665448,
        0.9989746488886884
      ],
      "index_01": [
        0.0546686762627437,
        0.08260588526258357,
        0.19136776270029965,
        0.9765070316975428
      ],
      "index_02": [
        -0.030550669522877945,
        0.027534536948391627,
        0.0024436179834006794,
        0.9991509068193315
      ],
      "index_03": [
        0,
        0,
        0,
        1
      ],
      "middle_01": [
        -0.04932888545866675,
        -0.020429162672349024,
        0.10591666025580966,
        0.9929405679355476
      ],
      "middle_02": [
        -0.02009234645784536,
        0.046897453635141,
        0.022970206356045034,
        0.9984334209532042
      ],
      "middle_03": [
        -0.021479543493667437,
        0.012870906166594502,
        0.03274114477321024,
        0.9991501320746019
      ],
      "ring_01": [
        -0.0888433661177363,
        -0.09753072233118655,
        0.0690138310639133,
        0.9888537331781221
      ],
      "ring_02": [
        -0.0240948280848634,
        0.01597407822649981,
        0.04781195937058897,
        0.9984379222693416
      ],
      "ring_03": [
        -0.01637596191407609,
        0.013539067765845686,
        0.02954506045372501,
        0.9993375860629912
      ],
      "pinky_01": [
        -0.21856008800812737,
        -0.10206694426370616,
        0.1541545848533417,
        0.9581493572440798
      ],
      "pinky_02": [
        -0.008488710903683312,
        0.026002251182341923,
        0.05697757769446568,
        0.9980006915632451
      ],
      "pinky_03": [
        -0.0077696223395054675,
        0.020504460430222384,
        0.05258939022149892,
        0.9983754584860838
      ]
    },
    "preset_r": {
      "thumb_01": [
        0.11218644155700765,
        0.26479669437222025,
        -0.08909711451086874,
        -0.9536029662108639
      ],
      "thumb_02": [
        -0.057344540005484654,
        0.07153417240516512,
        0.16354501068376068,
        -0.9822665093498384
      ],
      "thumb_03": [
        -0.012223997584035825,
        0.02912359129726497,
        0.03243518445665448,
        -0.9989746488886884
      ],
      "index_01": [
        -0.0546686762627437,
        0.08260588526258357,
        0.19136776270029965,
        -0.9765070316975428
      ],
      "index_02": [
        0.030550669522877945,
        0.027534536948391627,
        0.0024436179834006794,
        -0.9991509068193315
      ],
      "index_03": [
        0,
        0,
        0,
        -1
      ],
      "middle_01": [
        0.04932888545866675,
        -0.020429162672349024,
        0.10591666025580966,
        -0.9929405679355476
      ],
      "middle_02": [
        0.02009234645784536,
        0.046897453635141,
        0.022970206356045034,
        -0.9984334209532042
      ],
      "middle_03": [
        0.021479543493667437,
        0.012870906166594502,
        0.03274114477321024,
        -0.9991501320746019
      ],
      "ring_01": [
        0.0888433661177363,
        -0.09753072233118655,
        0.0690138310639133,
        -0.9888537331781221
      ],
      "ring_02": [
        0.0240948280848634,
        0.01597407822649981,
        0.04781195937058897,
        -0.9984379222693416
      ],
      "ring_03": [
        0.01637596191407609,
        0.013539067765845686,
        0.02954506045372501,
        -0.9993375860629912
      ],
      "pinky_01": [
        0.21856008800812737,
        -0.10206694426370616,
        0.1541545848533417,
        -0.9581493572440798
      ],
      "pinky_02": [
        0.008488710903683312,
        0.026002251182341923,
        0.05697757769446568,
        -0.9980006915632451
      ],
      "pinky_03": [
        0.0077696223395054675,
        0.020504460430222384,
        0.05258939022149892,
        -0.9983754584860838
      ]
    }
  }
}