{
  "name": "FIST",
  "preset": {
    "source_side": "l",
    "preset_l": {
      "thumb_01": [
        0,
        0,
        0,
        1
      ],
      "thumb_02": [
        0.132405316320699,
        0.18585495078131112,
        0.035111519417413445,
        0.9729819888796979
      ],
      "thumb_03": [
        0.31377198210388674,
        0.03568240519045323,
        0.16222440955442846,
        0.934856753813727
      ],
      "index_01": [
        0.31172006505305605,
        -0.3378254961753802,
        -0.23015993265766227,
        0.8577475972430334
      ],
      "index_02": [
        0.20284497436828702,
        -0.2137431141961466,
        -0.2191275173404543,
        0.9301348980935351
      ],
      "index_03": [
        0.17198799239138954,
        -0.3089858589261866,
        -0.43370142393479594,
        0.8287647098747367
      ],
      "middle_01": [
        0.14893446505579772,
        -0.36184653220883345,
        -0.3434640941582824,
        0.8537669636797945
      ],
      "middle_02": [
        0.24238181556250415,
        -0.1432582695336492,
        -0.5297479002676369,
        0.8000595514440648
      ],
      "middle_03": [
        0.14158699069803765,
        -0.10226732887207433,
        -0.2617885362323039,
        0.9491898017824424
      ],
      "ring_01": [
        0.15112867852248044,
        -0.27503519493065415,
        -0.540359982583664,
        0.7807220076952411
      ],
      "ring_02": [
        0.3042555445355691,
        0.07194596043331655,
        -0.34567127310849854,
        0.8847393476862221
      ],
      "ring_03": [
        0.2701215748785559,
        -0.146710265022109,
        -0.36337515130716824,
        0.8794708251754368
      ],
      "pinky_01": [
        0.028430342490078378,
        -0.13765409582877344,
        -0.44215976249586564,
        0.8858542825753338
      ],
      "pinky_02": [
        0.18528716241427967,
        -0.10423428923627678,
        -0.27993270839024453,
        0.9361845753723862
      ],
      "pinky_03": [
        0.20503355408368013,
        -0.0659909896866002,
        -0.3494226159266155,
        0.9118718476074358
      ]
    },
    "preset_r": {
      "thumb_01": [
        0,
        0,
        0,
        -1
      ],
      "thumb_02": [
        -0.132405316320699,
        0.18585495078131112,
        0.035111519417413445,
        -0.9729819888796979
      ],
      "thumb_03": [
        -0.31377198210388674,
        0.03568240519045323,
        0.16222440955442846,
        -0.934856753813727
      ],
      "index_01": [
        -0.31172006505305605,
        -0.3378254961753802,
        -0.23015993265766227,
        -0.8577475972430334
      ],
      "index_02": [
        -0.20284497436828702,
        -0.2137431141961466,
        -0.2191275173404543,
        -0.9301348980935351
      ],
      "index_03": [
        -0.17198799239138954,
        -0.3089858589261866,
        -0.43370142393479594,
        -0.8287647098747367
      ],
      "middle_01": [
        -0.14893446505579772,
        -0.36184653220883345,
        -0.3434640941582824,
        -0.8537669636797945
      ],
      "middle_02": [
        -0.24238181556250415,
        -0.1432582695336492,
        -0.5297479002676369,
        -0.8000595514440648
      ],
      "middle_03": [
        -0.14158699069803765,
        -0.10226732887207433,
        -0.2617885362323039,
        -0.9491898017824424
      ],
      "ring_01": [
        -0.15112867852248044,
        -0.27503519493065415,
        -0.540359982583664,
        -0.7807220076952411
      ],
      "ring_02": [
        -0.3042555445355691,
        0.07194596043331655,
        -0.34567127310849854,
        -0.8847393476862221
      ],
      "ring_03": [
        -0.2701215748785559,
        -0.146710265022109,
        -0.36337515130716824,
        -0.8794708251754368
      ],
      "pinky_01": [
        -0.028430342490078378,
        -0.13765409582877344,
        -0.44215976249586564,
        -0.8858542825753338
      ],
      "pinky_02": [
        -0.18528716241427967,
        -0.10423428923627678,
        -0.27993270839024453,
        -0.9361845753723862
      ],
      "pinky_03": [
        -0.20503355408368013,
        -0.0659909896866002,
        -0.3494226159266155,
        -0.9118718476074358
      ]
    }
  }
}