{
  "name": "hand_001",
  "preset": {
    "source_side": "l",
    "preset_l": {
      "thumb_01": [
        -0.04761913874437937,
        0.1133136165609872,
        -0.037534187669835725,
        0.9917074299827943
      ],
      "thumb_02": [
        0.10174612084065085,
        0.13874763532454115,
        0.09073148667721594,
        0.9808999020853607
      ],
      "thumb_03": [
        0.05305005782100991,
        0.029692650347707433,
        0.05082671673697135,
        0.9968553971094584
      ],
      "index_01": [
        0.09138815468911458,
        0.030261197179710715,
        0.142659446088165,
        0.9850790565074394
      ],
      "index_02": [
        -0.0018199720935139798,
        -0.002255008801971784,
        -0.02521105789867684,
        0.999677950740393
      ],
      "index_03": [
        0.005268172372303938,
        -0.0092114910250257,
        -0.01268009060501314,
        0.9998632957035677
      ],
      "middle_01": [
        -0.03263976523248417,
        -0.050576260567399806,
        0.06928219757821319,
        0.9957794257220424
      ],
      "middle_02": [
        0.0025205734495441262,
        0.03124638335401943,
        -0.024853253512809353,
        0.9991994926072606
      ],
      "middle_03": [
        -0.018504591005359852,
        0.010767670565684567,
        0.02736074331646417,
        0.99939633134582
      ],
      "ring_01": [
        0.19368094063386487,
        -0.2954319522990854,
        -0.6378242575274122,
        0.6843886843786486
      ],
      "ring_02": [
        0.3624106227601694,
        0.08115867834992081,
        -0.4160229364783843,
        0.8300582664867464
      ],
      "ring_03": [
        0.11695928711374863,
        -0.060882485240891196,
        -0.15306323620230633,
        0.9793801579938269
      ],
      "pinky_01": [
        0.08035622892052449,
        -0.1373817844799544,
        -0.5462967215132463,
        0.8223314501043082
      ],
      "pinky_02": [
        0.2212251553076376,
        -0.12881762376727796,
        -0.3433099214428993,
        0.903661301763517
      ],
      "pinky_03": [
        0.09071790579550382,
        -0.019029528095590106,
        -0.13237971962603007,
        0.9868554850940794
      ]
    },
    "preset_r": {
      "thumb_01": [
        0.04761913874437937,
        0.1133136165609872,
        -0.037534187669835725,
        -0.9917074299827943
      ],
      "thumb_02": [
        -0.10174612084065085,
        0.13874763532454115,
        0.09073148667721594,
        -0.9808999020853607
      ],
      "thumb_03": [
        -0.05305005782100991,
        0.029692650347707433,
        0.05082671673697135,
        -0.9968553971094584
      ],
      "index_01": [
        -0.09138815468911458,
        0.030261197179710715,
        0.142659446088165,
        -0.9850790565074394
      ],
      "index_02": [
        0.0018199720935139798,
        -0.002255008801971784,
        -0.02521105789867684,
        -0.999677950740393
      ],
      "index_03": [
        -0.005268172372303938,
        -0.0092114910250257,
        -0.01268009060501314,
        -0.9998632957035677
      ],
      "middle_01": [
        0.03263976523248417,
        -0.050576260567399806,
        0.06928219757821319,
        -0.9957794257220424
      ],
      "middle_02": [
        -0.0025205734495441262,
        0.03124638335401943,
        -0.024853253512809353,
        -0.9991994926072606
      ],
      "middle_03": [
        0.018504591005359852,
        0.010767670565684567,
        0.02736074331646417,
        -0.99939633134582
      ],
      "ring_01": [
        -0.19368094063386487,
        -0.2954319522990854,
        -0.6378242575274122,
        -0.6843886843786486
      ],
      "ring_02": [
        -0.3624106227601694,
        0.08115867834992081,
        -0.4160229364783843,
        -0.8300582664867464
      ],
      "ring_03": [
        -0.11695928711374863,
        -0.060882485240891196,
        -0.15306323620230633,
        -0.9793801579938269
      ],
      "pinky_01": [
        -0.08035622892052449,
        -0.1373817844799544,
        -0.5462967215132463,
        -0.8223314501043082
      ],
      "pinky_02": [
        -0.2212251553076376,
        -0.12881762376727796,
        -0.3433099214428993,
        -0.903661301763517
      ],
      "pinky_03": [
        -0.09071790579550382,
        -0.019029528095590106,
        -0.13237971962603007,
        -0.9868554850940794
      ]
    }
  }
}