{
  "name": "OPEN",
  "preset": {
    "source_side": "l",
    "preset_l": {
      "thumb_01": [
        -0.13720544603689652,
        0.10832398879715235,
        -0.17580927980515873,
        0.9687784453440746
      ],
      "thumb_02": [
        -0.05073807952974384,
        -0.010904239028835985,
        -0.14398792100708405,
        0.9882177004389737
      ],
      "thumb_03": [
        -0.0637184002115847,
        0.08495340746584812,
        -0.07434587313668746,
        0.9915621892659893
      ],
      "index_01": [
        -0.18234548871101025,
        0.07987600886016208,
        0.0645467550369696,
        0.9778566675998643
      ],
      "index_02": [
        -0.054076966382105754,
        0.05773364889806841,
        0.04057683006309617,
        0.9960401740662139
      ],
      "index_03": [
        -0.034890609282494586,
        0.03675636544924377,
        0.026039372049134892,
        0.9983754634836259
      ],
      "middle_01": [
        -0.10180816789187547,
        0.05364754816917245,
        0.0871395333763862,
        0.9895270280537474
      ],
      "middle_02": [
        -0.047787723735679556,
        0.05070542056845075,
        0.06608072411900397,
        0.9953786373461342
      ],
      "middle_03": [
        -0.02147954349366744,
        0.012870906166594505,
        0.03274114477321023,
        0.9991501320746019
      ],
      "ring_01": [
        -0.024972380031255,
        0.04547248598795393,
        0.07280411141909462,
        0.9959960816258896
      ],
      "ring_02": [
        -0.024094828084863396,
        0.01597407822649981,
        0.04781195937058897,
        0.9984379222693416
      ],
      "ring_03": [
        -0.01637596191407609,
        0.013539067765845682,
        0.029545060453725003,
        0.9993375860629912
      ],
      "pinky_01": [
        -0.017747511998309422,
        0.10553741261840383,
        0.11822536627994708,
        0.9872029391789992
      ],
      "pinky_02": [
        -0.008488710903683314,
        0.02600225118234192,
        0.05697757769446566,
        0.9980006915632451
      ],
      "pinky_03": [
        -0.007769622339505466,
        0.02050446043022238,
        0.05258939022149892,
        0.9983754584860838
      ]
    },
    "preset_r": {
      "thumb_01": [
        0.13720544603689652,
        0.10832398879715235,
        -0.17580927980515873,
        -0.9687784453440746
      ],
      "thumb_02": [
        0.05073807952974384,
        -0.010904239028835985,
        -0.14398792100708405,
        -0.9882177004389737
      ],
      "thumb_03": [
        0.0637184002115847,
        0.08495340746584812,
        -0.07434587313668746,
        -0.9915621892659893
      ],
      "index_01": [
        0.18234548871101025,
        0.07987600886016208,
        0.0645467550369696,
        -0.9778566675998643
      ],
      "index_02": [
        0.054076966382105754,
        0.05773364889806841,
        0.04057683006309617,
        -0.9960401740662139
      ],
      "index_03": [
        0.034890609282494586,
        0.03675636544924377,
        0.026039372049134892,
        -0.9983754634836259
      ],
      "middle_01": [
        0.10180816789187547,
        0.05364754816917245,
        0.0871395333763862,
        -0.9895270280537474
      ],
      "middle_02": [
        0.047787723735679556,
        0.05070542056845075,
        0.06608072411900397,
        -0.9953786373461342
      ],
      "middle_03": [
        0.02147954349366744,
        0.012870906166594505,
        0.03274114477321023,
        -0.9991501320746019
      ],
      "ring_01": [
        0.024972380031255,
        0.04547248598795393,
        0.07280411141909462,
        -0.9959960816258896
      ],
      "ring_02": [
        0.024094828084863396,
        0.01597407822649981,
        0.04781195937058897,
        -0.9984379222693416
      ],
      "ring_03": [
        0.01637596191407609,
        0.013539067765845682,
        0.029545060453725003,
        -0.9993375860629912
      ],
      "pinky_01": [
        0.017747511998309422,
        0.10553741261840383,
        0.11822536627994708,
        -0.9872029391789992
      ],
      "pinky_02": [
        0.008488710903683314,
        0.02600225118234192,
        0.05697757769446566,
        -0.9980006915632451
      ],
      "pinky_03": [
        0.007769622339505466,
        0.02050446043022238,
        0.05258939022149892,
        -0.9983754584860838
      ]
    }
  }
}