{
  "bones": {
    "upperarm_l": [
      27.19205051599397,
      16.263323804420562,
      -9.68207367632478
    ],
    "upperarm_r": [
      -56.866299713316735,
      50.0298936395336,
      5.460000132727879
    ],
    "head": [
      2.7252172670794184,
      37.69314398255738,
      1.638098917831486
    ],
    "lowerarm_l": [
      -44.12093975861935,
      -18.19051998584606,
      -70.72211193786165
    ],
    "lowerarm_r": [
      40.7485749901693,
      -20.320541208182938,
      11.180333768164532
    ],
    "hand_l": [
      11.063163820061305,
      -5.9488538555018335,
      -19.62313914387348
    ]
  },
  "modelRotation": [
    0,
    0,
    0
  ],
  "camera": {
    "fov": 30,
    "posX": 14.175180806392015,
    "posY": 3.75946835863063,
    "posZ": 3.2269089315483312,
    "targetX": -1.2099691995191069,
    "targetY": 1.9592663831699277,
    "targetZ": 1.2488074016770676
  },
  "cameraParams": {
    "offset_x": 0,
    "offset_y": 0,
    "zoom": 1
  },
  "ikEffectorPositions": {
    "pelvis": [
      0,
      -0.8046296238899231,
      0.13507115840911865
    ],
    "hand_l": [
      3.516805648803711,
      -0.07294316589832306,
      1.3906086683273315
    ],
    "hand_r": [
      -3.516805648803711,
      -0.07294316589832306,
      1.3906086683273315
    ],
    "foot_l": [
      1.3277812004089355,
      -7.606963634490967,
      -0.008383296430110931
    ],
    "foot_r": [
      -1.3277812004089355,
      -7.606963634490967,
      -0.008383296430110931
    ],
    "head": [
      0,
      3.9775726795196533,
      0.3099910616874695
    ],
    "upperarm_l": [
      1.2416629791259766,
      2.3360297679901123,
      0.14228315651416779
    ],
    "upperarm_r": [
      -1.2416629791259766,
      2.3360297679901123,
      0.14228315651416779
    ]
  },
  "poleTargetPositions": {
    "leftArm": [
      2.5799629427333906,
      0.8752949237823486,
      0.28833380753867255
    ],
    "rightArm": [
      -2.5799629427333906,
      0.8752949237823486,
      0.28833380753867255
    ],
    "leftLeg": [
      0.96086313788957,
      -4.332688331604004,
      1.167828603287678
    ],
    "rightLeg": [
      -0.96086313788957,
      -4.332688331604004,
      1.167828603287678
    ]
  },
  "hipBonePosition": {
    "hips": [
      0,
      7.361975371837616,
      0.39708319306373596
    ]
  }
}