{
  "bones": {
    "spine_01": [
      -4.0905131285922804,
      0.5724661647741316,
      0.04093892359338037
    ],
    "spine_02": [
      -1.491003874807745,
      0.19341257676016868,
      0.005034288196236329
    ],
    "spine_03": [
      7.014842264430133,
      -0.5708415196998219,
      0.07023943668624208
    ],
    "thigh_l": [
      17.39407283398582,
      -28.653688542808357,
      116.17880406527577
    ],
    "thigh_r": [
      17.39407283398582,
      28.653688542808357,
      -116.17880406527577
    ],
    "calf_l": [
      31.336035192215594,
      -32.75633708306192,
      -144.41082292691658
    ],
    "calf_r": [
      31.336035192215594,
      32.75633708306192,
      144.41082292691658
    ],
    "neck_01": [
      -17.967853728678822,
      0,
      0
    ],
    "upperarm_l": [
      -17.6721920107648,
      -5.330856539382653,
      -11.539115992834853
    ],
    "upperarm_r": [
      -17.672192010764793,
      5.33085653938265,
      11.539115992834851
    ],
    "head": [
      33.837003691953264,
      0,
      0
    ],
    "lowerarm_l": [
      -15.086863789551431,
      -34.438267829754345,
      -0.27336299830411126
    ],
    "lowerarm_r": [
      -15.086863789551431,
      34.438267829754345,
      0.27336299830411126
    ],
    "hand_l": [
      84.28807518378588,
      -21.82904246529738,
      11.905140575763394
    ],
    "hand_r": [
      84.28807518378588,
      21.82904246529738,
      -11.905140575763394
    ],
    "ring_01_l": [
      0,
      0,
      -7.156205000251781
    ],
    "ring_01_r": [
      0,
      0,
      7.156205000251777
    ]
  },
  "modelRotation": [
    0,
    0,
    0
  ],
  "camera": {
    "fov": 30,
    "posX": -0.9386230969618328,
    "posY": 0.6476365532475599,
    "posZ": 20.236046112598626,
    "targetX": 0.04892487624156958,
    "targetY": 1.1271458161587518,
    "targetZ": 0.10048819289431535
  },
  "cameraParams": {
    "offset_x": 0,
    "offset_y": 0,
    "zoom": 1
  },
  "ikEffectorPositions": {
    "pelvis": [
      0,
      -0.8046296238899231,
      0.13507115840911865
    ],
    "hand_l": [
      2.030548284600143,
      0.758863895753464,
      2.4595769839719175
    ],
    "hand_r": [
      -2.010253364895794,
      0.7558921760743329,
      2.4732937455707864
    ],
    "foot_l": [
      1.4236951790728425,
      -2.1720325033302794,
      0.5220151539941629
    ],
    "foot_r": [
      -1.4236951790728418,
      -2.1720325033302785,
      0.5220151539941633
    ],
    "head": [
      -0.0005942278912948721,
      4.039803653255005,
      0.013190077441867294
    ],
    "upperarm_l": [
      1.2425627175671736,
      2.3501631708608293,
      0.08503062013829427
    ],
    "upperarm_r": [
      -1.2407482614944045,
      2.3483368738173205,
      0.09346037928766768
    ]
  },
  "poleTargetPositions": {
    "leftArm": [
      2.5799629427333906,
      0.8752949237823486,
      0.28833380753867255
    ],
    "rightArm": [
      -2.5799629427333906,
      0.8752949237823486,
      0.28833380753867255
    ],
    "leftLeg": [
      0.96086313788957,
      -4.332688331604004,
      1.167828603287678
    ],
    "rightLeg": [
      -0.96086313788957,
      -4.332688331604004,
      1.167828603287678
    ]
  },
  "hipBonePosition": {
    "hips": [
      0,
      7.361975371837616,
      0.39708319306373596
    ]
  }
}