{
  "bones": {
    "thigh_l": [
      0,
      0,
      42.25226795694057
    ],
    "thigh_r": [
      0,
      0,
      -42.25226795694059
    ],
    "calf_l": [
      0,
      0,
      -1.8448660575649463
    ],
    "calf_r": [
      0,
      0,
      1.8448660575649456
    ],
    "clavicle_l": [
      -0.7580041678158761,
      0,
      12.85339159952162
    ],
    "clavicle_r": [
      -0.7580041678158761,
      1.2424041724466862e-17,
      -12.853391599521622
    ],
    "neck_01": [
      -0.24235991887633654,
      0,
      0
    ],
    "upperarm_l": [
      2.8546142223704187,
      -15.358083325724076,
      72.66992696344444
    ],
    "upperarm_r": [
      2.854614222370419,
      15.358083325724087,
      -72.66992696344447
    ],
    "lowerarm_l": [
      41.054811969929794,
      31.08649625133741,
      -11.07953526269086
    ],
    "lowerarm_r": [
      41.054811969929794,
      -31.08649625133741,
      11.07953526269086
    ]
  },
  "modelRotation": [
    0,
    -3.3749999999999716,
    0
  ],
  "camera": {
    "fov": 30,
    "posX": -0.005548324192901959,
    "posY": -0.7325234413146954,
    "posZ": 30.094082302716394,
    "targetX": -0.005548324192901959,
    "targetY": -0.7325234413146973,
    "targetZ": 0.09408230271639567
  },
  "cameraParams": {
    "offset_x": 0,
    "offset_y": 0,
    "zoom": 1
  },
  "ikEffectorPositions": {
    "pelvis": [
      -0.005548324192901959,
      -0.7325234413146973,
      0.09408230271639567
    ],
    "hand_l": [
      5.0154266441403275,
      5.900387392925096,
      1.3948928364608193
    ],
    "hand_r": [
      -4.609777371008405,
      5.184865557724421,
      1.033862993777074
    ],
    "foot_l": [
      5.806198374448581,
      -5.538854196979964,
      0.4023133353373066
    ],
    "foot_r": [
      -5.798211091566515,
      -5.549770944174436,
      -0.28203450174320566
    ],
    "head": [
      0.13892202002359466,
      4.45527095832719,
      0.4009231829463151
    ],
    "upperarm_l": [
      1.4207233473298286,
      3.0047347722732414,
      0.22913587045794767
    ],
    "upperarm_r": [
      -1.3064141622196719,
      3.046144112217437,
      0.06831595089288872
    ]
  },
  "poleTargetPositions": {
    "leftArm": [
      2.7435616566732555,
      1.2848752737045288,
      0.3158991367552455
    ],
    "rightArm": [
      -2.7435616566732555,
      1.2848752737045288,
      0.3158991367552455
    ],
    "leftLeg": [
      0.9052219334473398,
      -4.198694229125977,
      1.0799989978397984
    ],
    "rightLeg": [
      -0.9052219334473398,
      -4.198694229125977,
      1.0799989978397984
    ]
  },
  "hipBonePosition": {
    "hips": [
      -4.656612873077393e-10,
      7.445617198944092,
      0.35189288854599
    ]
  }
}